start	end	text
31	3862	matter and that we're part of the larger fabric and family of Los Angeles.
5166	12167	We know that Los Angeles is for everyone and it's important to celebrate each other and that's what we're doing right now.
16315	22725	Preparing for college is an intimidating process, made a little easier by the Los Angeles Public Library.
23125	30577	Their workshop at the Chinatown Branch broke down the application process, highlighted what to expect, and featured a local success story.
37407	42475	So today we're here at the Chinatown Branch Library for a Get Ready for College program.
43822	60447	We are here today to talk about the college admission process at the Chinatown Public Library as one of the assistant directors of admission and also as someone who's from Chinatown, I think it's a great honor to be able to come here, talk to the students, give a little bit more insight about it and also share my story as well.
60427	62310	Oh, we got questions!
62330	77011	I showed up to the college workshop today because I am a rising junior and I wanted to know more about the college process and how to be, you know, get a better chance at getting like some colleges like UCs that, you know, are closer to me.
77071	81237	Today I want to talk about the pandemic of approaching college habits.
81217	84901	Going through college is a hard, long process.
85402	88045	Basically, you need to read all the applications yourself.
88085	93712	You need to decide whether you want to go to a big school, a small population, what curriculum.
94233	104385	So today is more for, instead of you diving through by yourself, there are people here just to walk you through, to guide you through, to give you pointers on where to go to find out more information on what you need.
104525	106988	Focus on writing about yourself and your own story.
106968	109833	So the difference between college and high school is a lot.
109874	113080	I think applying to college, you realize that there's a lot.
113120	115645	There's ways to kind of pursue your career for the long run.
116186	118370	And also, it's a very different environment.
118390	119973	You meet folks from all over the world.
120915	122558	You are also learning about yourself.
122578	123700	You're living on your own.
124181	128369	So I think there's a big difference in terms of just kind of figuring out your purpose.
128469	130613	And you're also in an environment to do so.
130593	132897	Are there specific topics that students should avoid?
133358	140049	I think it's really important right now to get this information since there's so much, you know, misinformation about college.
140389	147140	I hope after this event that students are able to kind of feel less intimidated by the college application process.
147201	152570	So I hope I was able to give them the confidence to apply and also ask questions and share their story with us.
153271	154693	So thank you so much for being here.
157103	159768	providing a cleaner environment in South LA.
160009	169408	Councilmember Curren-Pryce celebrated more green spaces and links between the area's parks, rolling out an expansion of the Greenway Network in South LA.
171802	177809	Today we're going to be announcing the expansion of the CD9 Greenway Network.
177829	190365	We're excited to be here today to celebrate the importance of open space, green space, rededicating the commitment CD9 has to creating a livable environment for kids, for seniors, for all.
190645	195531	Initially our Greenway encompassed Slauson from Normandy to Compton Boulevard.
195511	200984	We also quickly incorporated Avalon, because along Avalon, we have three parks and a bikeway.
201225	204814	And last week, we inaugurated the greenway along MLK.
204954	209365	And so we've got an interesting network, a greenway network in City and I.
209565	210888	And today, we're going to be celebrating that.
211009	213655	We're kicking it off this morning, and then we're going to take a bike ride.
216824	235930	Este Corredor Verde, que es el que precisamente recorrimos ahora, a mí me llenó de alegría porque vi toda la comunidad, niños, adultos, mayores, feliz nada más y esperando que vengan más eventos, verdad, como este, porque la comunidad lo necesita tanto y pues estamos muy feliz y agradecidos.
235910	259588	I really like it and I do see a lot of the community coming out and it makes me happy and proud that we have a place to come and gather where people can exercise and live a healthy life.
260328	267388	Some would say that District 9 is a concrete jungle, but what I see what the Councilman is doing, he's opening up green spaces.
267569	275552	It's just wonderful to be able to walk into a community where you can have some peace, some quiet, and just think and meditate.
276224	279689	The council has done all this for us, for our community.
279729	290283	That is his legacy and the truth is that I saw my daughter grow up here and now I see how she enjoys the parks and all the benefits and all the good things she has done for us.
290363	296151	So that is also a call for the community to come and see the green areas where they are.
296171	304122	It helps the environment and also, as I repeat, it helps you healthily, mentally and also your body.
308118	314696	Folks need to be able to enjoy their environment safely, and the environment needs to be getting conducive for that.
314816	322397	So we encourage open space, green space, and folks to walk, to bike, and to enjoy the outdoors.
329195	332645	$4.5 million of stolen cargo is recovered.
333247	340728	San Fernando Gardens gets climate resilient and there's a new general manager at the city's El Pueblo Historical Monument.
340748	343035	These stories up next on City Beat.
349428	360605	The Los Angeles Police Department's Commercial Crimes Division announced the seizure of $4.5 million in stolen property and the arrest of a key individual for retail and cargo theft.
361106	373225	LAPD worked with LA Port Police and Union Pacific Police to recover tools, appliances, e-bikes and other items, which were being fenced through a storefront and online platforms.
373205	383162	According to LAPD Chief Jim McDonald, protecting the integrity of the supply chain is vital to public safety as well as the economic stability of Los Angeles.
383743	391657	Anyone with information on retail or cargo crime is urged to contact Crimestoppers, where tips can be reported anonymously.
392118	396225	For more information, visit LAPDOnline.org.
398585	406340	L.A. City Housing Authority, HACLA, was joined by Congresswoman Rivas to tour new energy-efficient upgrades at San Fernando Gardens.
407081	415918	Federal funds of $3.5 million are being used to bring more sustainable and resilient living conditions to nearly 1,500 residents.
415898	425008	HACLA is installing 448 energy-efficient air conditioning units donated by the Office of Mayor Bass and the L.A. Department of Water and Power.
425609	435379	The community center at San Fernando Gardens has also been upgraded to serve as a resiliency center with backup solar power energy in case of a heat emergency.
436060	445450	According to HACLA, extreme weather adversely impacts the San Fernando Valley, and these enhancements will improve the quality of life for public housing residents.
445430	448369	For more information, visit hackla.org.
450678	459246	LA City Council has confirmed Dominica Lynch as the new general manager of El Pueblo Historical Monument and its first Latina leader.
459266	469615	A graduate of the University of Southern California, Lynch has more than 20 years experience in nonprofit organizations supporting Latino and other underrepresented communities.
470376	480685	According to Mayor Bass, El Pueblo's leader needs to preserve its history and activate business and event space, especially during this challenging time for immigrant communities.
480665	484642	Lynch will begin as general manager of El Pueblo on October 20th.
485204	490185	For more information, visit mayor.lacity.gov slash press.
497590	504682	Councilwoman Heather Hutt celebrated with community members as the city designated the home of Tom Bradley, a historical monument.
505283	512275	This was just one of a series of African American landmarks being honored, adding to the rich cultural tapestry of Los Angeles.
515242	516423	It's so exciting.
516443	518525	We're at the home of Tom Bradley.
518726	525273	He was a mayor for 20 years in Los Angeles and he was the council member right here in the 10th district first.
525293	531259	We're in Lamarque Park and what we've done is designated his home as a historical monument.
531659	543612	His children are here and they've been able to talk about their experience growing up in a community that wasn't really as multicultural as it is today.
543592	550829	And then coming from that, we're going to St. Elmo's Village to talk about youth's contributions to this city.
551270	558867	And then we're moving to Catch One, which was Jules Tyus Williams' big club for LGBTQ community.
561648	571242	The African American Historic Places LA project is a joint project between the City of Los Angeles' Office of Historic Resources and the Getty Conservation Institute.
571642	579353	So some of these sites that we are designating are not architecturally significant or have an architecturally high style, so you could miss them.
579704	590328	St. Omo Village is an artist enclave, a set of 10 bungalows that were created by Roderick and Rozelle Sykes because they were shunned from the art world.
590509	595340	They couldn't get their paintings sold in mainstream white art institutions.
595741	598928	And they also wanted an opportunity for anybody.
598908	601652	people of color, anybody to have access to art.
601972	608461	And then Catch One, sadly, we lost Jules, who is the owner and creator of Catch One.
608742	613829	And she opened the first black gay disco in the United States.
613849	617974	And that was also during a time where folks were still ostracized.
618315	620958	So that club became a haven for everyone.
621519	627868	It's a symbol of hope for the LGBTQ plus community now, and it still operates as a dance club.
629452	637125	So if you walk down the Tom and Ethel Bradley residence and that plaque wasn't there or the signage wasn't there, you would think that it was an ordinary home.
637186	639610	It is an ordinary home, but it has an extraordinary story.
641613	648946	Tina's family bought this house at a time where there were restrictive covenants, where non-whites couldn't live in the community.
649247	654075	So they broke barriers, not only broke barriers in the community, but broke barriers in the police force.
655422	657267	My sister and family moved here.
657327	666071	My parents, brave as they were to make that move in 1950 to come to this area where we were not appreciated, where we were actually hated.
666613	671085	Riding down the street and seeing all the neighbors come out waving and
671065	671807	I was afraid.
672248	674673	Like my mother said, she didn't know what she was driving up into.
674974	679363	Took the neighbors a long time to come to the realization that we were just like them.
680005	687100	And because of it, there's a whole generation out there that are benefiting from the courage that mom and dad had.
690337	695190	So we're just showing what historical locations we have in the 10th district.
695511	706219	It's a very exciting day, especially for folks that have worked hard to commemorate these spaces at a time where so much of our history is trying to be erased.
714012	720993	Summer fun at the pool is a chance to try out all the activities that LA City's Department of Recreation and Parks has to offer.
721455	725828	Time to swim by the Westwood Rec Center and dive into their pool party.
728356	734227	So today we're at the Westwood Rec Center and today we're doing a pool party that we host annually every summer.
734949	751360	We're working with Council District 5 and we're here to support the West LA community and basically what we do, we introduce them to our Learn to Swim programs, our small crafts programs and today we have a fortunate opportunity to introduce our Wibbit that they're utilizing and they're having a blast.
753432	759465	We have a small craft program where we introduce learn to surf, learn to paddle, and then we also do learn to kayak.
759725	767121	So, you know, giving the community members an opportunity to see those that they don't normally see, and it gets them more prepped for open bodies of water.
769801	773104	My kids have loved coming to the Westwood Pool.
773645	779551	My older one has been doing swim team, she did Camp Splash, and the littler one is taking little lessons here and now.
780012	781754	This place is like home, we love it.
782655	786759	They love the slide, that giant inflatable slide.
786799	788421	They went on it five or six times.
789201	797310	And then they enjoyed the food, of course, and I think they're going back in right now to go back on that slide, but maybe they'll do some paddle boarding too.
801020	815974	This is a fun park.
815994	816195	I love it.
816215	816957	And it also has a nice swimming pool.
816977	817217	It's lovely.
817237	817558	It's really fun.
817578	817779	I love it.
817799	817999	I love it.
826552	829216	So all of our pool parties are free to the community.
829577	833203	You know, we want to get as many people introduced to our aquatic facilities.
833303	845623	We want everybody to know that they have a pool in their neighborhood and we want them to feel supported and we want them to be introduced to a lot of our programs to make them feel safe and mainly to educate them on water safety.
856032	859662	Sex trafficking of minors is taking place in parts of Los Angeles.
860084	865599	LA City Attorney Heidi Feldstein Soto has made disrupting the demand her top priority.
866141	870413	She highlights a number of tactics being brought to bear on those committing these crimes.
875641	891147	I came into this office and I was surprised at what I found in terms of how human beings treat our young people and our kids.
891167	900703	And my first project in collaboration with Mayor Bass and Councilmember Marquise Harris-Dawson was focused on the sex trafficking of minors.
902692	910640	Protecting our children and sort of finding ways to stop the exploitation and abuse of our kids has been one of my top priorities.
916006	921351	I focused on what's known as the kiddie stroll, K-I-D-D-I-E, about little children.
922072	926877	And these are kids who are taken out and paraded on the street for sex.
931008	937485	In the Figueroa Street Initiative, we have rescued over 200 minor children, the youngest of whom was 12.
938087	942839	And we've provided, delivered them into the hands of service providers and helped them get off the streets.
943662	947211	We've also focused on shutting down the motels.
947191	951840	that are crime magnets and who don't bring themselves into compliance with applicable law.
952722	961620	And on arresting felons, predators, pimps, we've referred, I think, 74 cases to the U.S. attorney or the D.A.
961600	963985	's office for prosecution.
963965	970116	And probably one of my favorite things that I learned in the course of this initiative is we send out Dear John letters.
970758	979594	So part of our effort is to disrupt the demand from the adult men who were there to purchase sex from a young child.
979574	982258	and we have surveillance cameras.
982318	991271	We get a picture or a photograph of the automobile with the license plate and of the man basically doing the transaction for sexual services.
991872	1000885	And we send the photograph and a letter to the registered owner of the vehicle saying, dear registered owner, your car has been seen in an area known for human trafficking of minors.
1001226	1004731	Please be aware we're conducting operations in the area and be more careful.
1005592	1008096	The registered owner is usually the spouse.
1010084	1020838	And we're going to stop the illegal streetwalking trafficking of our kids on Figueroa and on what's known as the Sepulveda Track in the Valley.
1021560	1023165	For the parents of children,
1024394	1028861	where the parents think there may have been abused, please report it to the LAPD.
1029502	1036031	They have officers trained in working with very young victims, and they will get it into the right hands.
1036392	1042461	If you're undocumented and you're not comfortable reporting it to the LAPD, my office has a helpline.
1043102	1047448	We have a program that's dedicated to children exposed to violence.
1047428	1051278	I note that I am the first female city attorney.
1051639	1053964	I'm the first Latina elected citywide.
1054546	1058997	And so many of our young victims are black and brown girls.
1059558	1063007	From my perspective, there is no higher calling.
1062987	1071645	to a prosecutor, then protecting the vulnerable, then being sure that justice prevails.
1072446	1082447	And when you're talking about little kids, they don't have their own voice without help from their families and without help from prosecutors like me.
1082427	1097854	And so from day one in the office, really sending out a message that abuse of children and specifically sexual abuse of children will not be tolerated, not in the city of L.A. and not by the city attorney.
1103977	1108566	A face-to-face community space that exposes arts and music to all.
1109208	1117885	At the William Grand Still Arts Center, people can be themselves and become part of a greater collective, reflecting the community and supporting local artists.
1149337	1173673	The mission behind the William Bresto Arts Center is one that is based in art and music exposure to the community, very intergenerational in our programming that includes yearly exhibitions, there's concerts, film screening, workshops, after school classes, all into sharing about art and music in the community.
1174700	1182920	You learn from everyone, whether that be the Black Doll Show, the African American Composer Series, working with youth as well.
1182940	1191882	So we're constantly learning from each other and I think that's something really beautiful about the center and what Stacy creates for the community.
1196452	1216671	One of the great things about our community art center is that we allow the community to be themselves as they are, using the language and vernacular that's local, using the codes and cues that are local, but also tapping into a greater discourse that's national and international.
1216651	1230512	The programming that is offered and the way that it is offered, it can foster relationships, but also just having a face-to-face space to come to, to convene, to find solace.
1231634	1233276	Yes, it's important.
1235011	1240760	I really admire this center and have much love for the center for the space it creates.
1241260	1248651	Having a physical space that offers things that are tangible, you're able to connect with others.
1250735	1262352	So one of the things that's really important about a community arts facility, it is actually owned by the people of Los Angeles, meaning that the people of Los Angeles know and get exactly what they want.
1262450	1263894	It's an added resource.
1264395	1267041	It's exhibitions that feature local artists.
1267362	1268966	So we want to continue this.
1269086	1270470	We want to foster this.
1270490	1279412	LA has been the place that a lot of artists have come out of and it will continue to be as long as we support community facilities like these.
1286868	1291656	In this week's Things to Do, Los Angeles Libros Festival celebrates much more than books.
1292157	1299509	Go arm-in-arm to the Festival of Philippine Arts and Culture and join the City of LA for El Grito 2025.
1299969	1302193	All this up next on Things to Do.
1308805	1316253	The Los Angeles Public Library invites you to read, dream, and celebrate with them for the Los Angeles Libros Festival.
1316934	1322600	Now in its seventh year, the Libros Festival is a free bilingual book festival for the whole family.
1323261	1332130	The celebration creates an inclusive cultural space to engage and inspire current and future generations of bilingual Angelenos.
1332110	1343346	With 16 authors appearing during the day, there'll be entertainment and fun with Spanish language and bilingual storytelling, musical performances, workshops, readings, and community.
1343866	1357425	Head to Downtown's Central Library for the Los Angeles Libros Festival on Saturday, September 13th, from 10 a.m. to 4 p.m. For more information, visit lapl.org slash Libros.
1359734	1366261	Join LA City's Department of Cultural Affairs and Phil M. Arts for the Festival of Philippine Arts and Culture.
1366302	1373730	This year's theme is Arm in Arm, reflecting unity, resilience, and the vibrant spirit of the Filipino-American community.
1374311	1382400	On Saturday, September 13th, come to Point Furman Park for the music, stay for the food, and enjoy the company of fellow festival goers.
1382380	1391911	There'll be music and dance performances that bridge tradition and innovation on two stages, along with vendors, a first ever dog fashion show, and more.
1392492	1406228	The 31st year of the Festival of Philippine Arts and Culture is on Saturday, September 13th, beginning at 10 a.m. and continuing until 6 p.m. For more information, visit philamarts-fpac.org.
1408418	1416787	Join the city of Los Angeles to celebrate El Grito, also known as the Cry of Dolores, taking place on Saturday, September 13th.
1417368	1428900	This year, it's the turn of council member Eunice Hernandez to host El Grito 2025, which will include a bell ringing on the steps of City Hall, followed by music performances into the night.
1429421	1437750	Enjoy a community market of crafts and food vendors at Gloria Molina Grand Park, along with live entertainment from community favorites.
1437730	1455531	El Grito 2025 takes place on Saturday, September 13th, beginning at 5 p.m. with performances until 10 p.m. For more information, check out the social media of council member Eunice Hernandez at CD1 Los Angeles on Facebook and Instagram.
1457734	1460177	And that's a look at some things to do.
1465540	1466702	And that's all for this week.
1466942	1472089	I'm Natalia Bilbao, and from all of us here at LA This Week, thank you so much for joining us.
1472690	1481641	Remember that you can watch us online anytime at lacityview.org, and we're also on Instagram, Facebook, X, and YouTube.
1481661	1484325	See you next time for more LA This Week.
1512554	1517721	Planning for emergencies is smart, but does the family emergency plan include pets?
1766253	1767758	you
1803935	1830550	Piano plays softly
1843388	1848994	you
1996057	2007889	you
2040522	2061400	you you
2067522	2072250	you
2092936	2115906	You.
2117523	2139345	You.
2140523	2164405	You.
2173295	2182984	you
2185462	2205445	you.
2349925	2356560	you
2394121	2405802	you
2446450	2456848	you
2496468	2516907	You.
2521966	2530677	you
2584910	2588338	Welcome to the regularly scheduled meeting of your Los Angeles City Council.
2588859	2592086	Today is Tuesday, the ninth day of September in the year 2025.
2593489	2598259	Public comment for this morning's meeting will be taken in person in this chamber.
2598861	2601366	Madam Clerk, let's begin our proceedings by calling the roll.
2601633	2602134	Yes, sir.
2602654	2618073	Bloomingfield, Harris, Dawson, Hernandez, Hutt, Gerardo, Lee, McCosker, Nazarian, Padilla, Park, Price, Rahman, Rodriguez, Sotomartinez, Jaroslawski, 14 members present and core Mr. President.
2618513	2619595	All right, first order of business.
2620135	2622618	Approval the minutes of September 5th, 2025.
2623760	2624941	Council Member Gerardo moves.
2624981	2626243	Council Member Rodriguez seconds.
2626263	2626683	What's next?
2627544	2629767	Commandatory resolutions for approval.
2629966	2632271	Councilmember Park moves, Councilmember Lee seconds.
2632732	2633173	What's next?
2633834	2635638	Mr. President, today's Tuesday.
2635658	2636961	It's time for the flag salute.
2637242	2644397	All right, I'll ask everyone in the chamber to rise, face the flag, and join Councilmember Raman in the Pledge of Allegiance.
2645356	2646137	Thank you, everyone.
2646177	2647018	Ready?
2647058	2647698	Begin.
2647719	2661233	I pledge allegiance to the flag of the United States of America and to the republic for which it stands, one nation under God, indivisible, with liberty and justice for all.
2665598	2665798	All right.
2665818	2667500	Madam Clerk, let's run through our agenda.
2668481	2668921	Yes, sir.
2669301	2671684	Items one and two are items noted.
2672795	2677220	Notice items 1 and 2 are items notice for public hearing.
2677440	2681304	Items 3 through 14 are items which public hearings have been held.
2681784	2685969	Items 15 through 26 are items which public hearings have not been held.
2686549	2693056	Items 27 through 36 are closed session items considered by the Budget and Finance Committee.
2693417	2695699	Ten votes are required for consideration.
2695979	2699163	All right, without objection, those items are now before us.
2699423	2701485	Any specials members?
2702174	2724376	specials Mr.. Price Thank you, Mr.. President out of the rebutters of caution I'm accusing myself from item 26 because I am a landlord all right item 2 6 recusal for mr.. Price any other specials members all right Seeing no further specials madam clerk Oh councilmember hudado.
2724396	2726118	Sorry you council president.
2726158	2728580	I'm calling item 8 special for an amendment.
2728660	2730622	It should be circulating now or shortly.
2730962	2731523	Thank you
2731672	2732333	Which item?
2732393	2733074	Three, six?
2733094	2733735	Item eight.
2734236	2734817	Eight, eight.
2734857	2735097	All right.
2735598	2740506	And just members, just a note, this screen, Majiggy isn't working.
2740906	2742689	So when you press your button, I might not see it.
2742709	2744812	So just wave if you need anything.
2744832	2746395	So any more specials?
2747116	2747376	All right.
2748859	2753225	Madam Clerk, what items are available for us at this time?
2753245	2759535	Mr. President, council may now vote on items three through seven.
2761422	2774740	9 through 14 sir All right those items are now before us open the roll close the roll tabulate the vote 14 I All right, what's next?
2775040	2785373	Next would be items considered by the closed session items considered by a budget and finance committee, and those are items 27 through 36, sir.
2785874	2786755	All right.
2786895	2792122	We'll hear from our budget chairperson, Councilmember Yaroslavsky, on 27 to 36.
2794905	2795926	Thank you, Council President.
2795966	2803596	Budget and Finance Committee considered and approved items 27 through 36 in committee on September 2nd, and I recommend we approve these items.
2804386	2804767	All right.
2805770	2809721	If we could read the details into the record and call the roll on those items.
2810443	2810964	Yes, sir.
2811525	2817602	For item 27, in a case entitled David Kelleher versus William McMorrin,
2817953	2831793	At all lead case slash David Kelleher versus City of Los Angeles at all consolidated, there is a recommendation to expand up to 150,000 in settlement.
2831813	2842408	For item 28 in the case entitled Kevin Jinx versus City of Los Angeles at all, there is a recommendation to expand up to 200,000 in settlement.
2842388	2853239	For item 29 in the case of Nazareth-Zinnati versus City of Los Angeles at tall, there is a recommendation to expend up to 200,000 in settlement.
2853540	2865933	For item 30 in the case entitled Robert Papazian, Jr. versus City of Los Angeles, there is a recommendation to expend up to 225,000 in settlement.
2866293	2870117	Item 31 in the case entitled Adrian Tripp,
2870097	2878135	At all versus City of Los Angeles, at all, there is a recommendation to expend up to $250,000 in settlement.
2878576	2888899	For item 32 in the case entitled John Castellano versus City of Los Angeles, at all, there is a recommendation to expend up to $1.8
2888879	2890420	million in settlement.
2890620	2897306	Item 33 in the case entitled Angela Sendy Betancourt versus City of Los Angeles et al.
2897667	2901630	There is a recommendation to reject the offer in settlement.
2901650	2909036	Item 34 in the case entitled City of Los Angeles versus Purdue Pharma LP et al.
2909277	2913220	There is a recommendation to approve the city attorney's recommendations.
2913640	2917924	Item 35 in the case entitled Raina Del Carmen
2917904	2921852	Hovel et al versus City of Los Angeles et al.
2922173	2926542	There is a recommendation to expend up to $300,000 in settlement.
2926863	2938647	Item 36 in the case entitled...
2939133	2940615	This is GSD building maintenance.
2940915	2944299	We are conducting work on a fire safety system.
2944319	2950507	Please disregard any warnings and controls in the case of an actual emergency, we will provide you with a VA system.
2951648	2953210	May I have your attention please?
2953230	2954271	May I have your attention please?
2954672	2956314	This is GSD building maintenance.
2956694	2959798	We are conducting work on a fire safety system.
2959818	2965765	Please disregard any warnings or controls in the case of any other actual emergency, we will provide you with a VA system.
2968124	2980478	For item 36 in the case entitled Armando Corona Trejo et al versus City of Los Angeles et al, there's a recommendation to expend up to $950,000 in settlement.
2980859	2982921	And those are the settlements, Mr. President.
2984804	2987367	All right, those items are now before us.
2987427	2990490	Let's open the roll, close the roll, tabulate the vote.
2990510	2993794	14 ayes.
2993926	2999091	All right, and there's a request for item 34 to go forth with.
2999972	3001393	Without objection, that'll be the order.
3001513	3002414	What's next, Madam Clerk?
3003455	3007499	Mr. President, that would move council to public comment, sir.
3008099	3011783	All right, Mr. City Attorney, Madam Clerk, if you can prepare us for public comment.
3012203	3020131	We will take public comment from now until 11 o'clock straight up, so please get to the mic as quickly as you can.
3020171	3023494	Start as quickly as you can so we can get to as many speakers as possible.
3028823	3035137	To people providing public comment, when it's your turn to speak, please state which of the agenda items you'd like to speak to.
3035738	3040047	You will have one minute per item, up to three minutes total for the items open for public comment.
3040889	3044537	When speaking on the agenda items, you must be on topic.
3044517	3046882	Our goal is to get through as many speakers as we can.
3047764	3054778	If you are not on topic, or if we cannot tell whether you are on topic, you will get one brief warning from me or the Council President.
3055399	3058605	At that point, you need to get immediately and clearly on topic.
3059146	3066441	If you do not do so, or if you again stray off topic, you will forfeit the rest of your speaking time and we will move on to the next speaker.
3066657	3073832	The items open for public comment on the agenda are items 1 and 2 and items 15 through 26.
3073912	3082390	So again, the items open for public comment on the agenda are items 1 and 2 and items 15 through 26.
3083833	3087501	Members of the public may also speak for up to one minute for general public comment.
3087852	3094142	During general public comment, members of the public may speak to any of the items or anything else in the city's subject matter jurisdiction.
3095003	3099771	I have a couple more announcements if I could have the interpreters please make this first one allowed to the room.
3101253	3115395	If you require a Spanish language interpreter, please make sure to pause every few sentences so the interpreters can interpret.
3116270	3122525	Don't worry, we will pause your time while the interpreters are interpreting so you will get the same amount of time as everyone else.
3122906	3131967	Thank you.
3132976	3134217	One final announcement.
3135078	3140144	As the council president has already said, we will take public comment up until 11 o'clock a.m.
3140184	3155220	So in order to help us run an efficient public comment period and to fit in as many people as possible, we would ask that you please wait until you hear the name that you signed up under, called aloud or read aloud, before lining up on your left-hand side of the council chambers.
3155881	3158123	The order is randomly generated.
3158103	3163495	So once you hear your name called aloud, please feel free to line up in any order on your left-hand side of the council chambers.
3163755	3164076	Thank you.
3168085	3177124	I will begin by calling the following names, Alec Mesropian, Harriet Elliott, Kelly, Maria Santos, Michael Ackerman, and Seba.
3196342	3198204	Good morning, which items would you like to speak to?
3198745	3199666	General public comments.
3199866	3200967	Okay, so you have one minute, go ahead.
3201808	3202829	Good morning council members.
3203169	3209977	My name is Alec Misropian and I'm here on behalf of BisFed LA, a coalition partner of the LA Alliance for Tourism, Jobs and Progress.
3210858	3212620	Council members, the city charter is clear.
3212920	3219447	Signature verification for the tourism worker wage referendum were due last Friday, September 5th.
3219467	3223952	That deadline was missed by three days and with it, public trust was broken.
3224523	3226288	What's worse, the numbers don't add up.
3226909	3236676	Our coalition submitted over 100,000 valid signatures, yet the verification process produced sky-high match rates for our opponents and record-high failure rates for us.
3237157	3240827	That's never been seen before, and it reeks of foul play.
3240807	3249436	We've asked the district attorney to investigate because the people of LA deserve a fair, transparent process, not one clouded by shade and secrecy.
3250237	3257865	The business community is ready to fight for fairness, protect jobs, and make the city livable again, but only if the democratic process is respected.
3258085	3258466	Thank you.
3262230	3262971	Good morning, speaker.
3263011	3264252	Which items would you like to speak to?
3264292	3265453	General comment.
3265914	3266594	Okay, so you have one minute.
3266614	3267135	Go ahead.
3267470	3270934	Suppose you got a phone call saying there was a bomb in a certain spot.
3271254	3271975	What would you do?
3272035	3277040	Would you take a modest action like sending someone with binoculars to have a look?
3277580	3280824	Or would you wait for a few more phone calls before you did something?
3281364	3283527	Of course you wouldn't wait for more phone calls.
3283567	3285469	That would be negligent.
3285489	3290574	And suppose people are victims of extortion, threatened with violence if they go to the police.
3291175	3296380	Would you demand a swift and thorough investigation at the merest whiff of a threat
3296360	3298925	or would you wait for multiple police reports?
3299506	3302972	Again, any normal person would view delay as negligence.
3303613	3306779	But your actual response to my complaint was negligent.
3307200	3316377	The police are refusing to make required records and to seriously investigate allegations of extortion, and you are refusing to provide oversight.
3316357	3328769	As I've said, the only solution is to ask the governor to send a handful of investigators from the National Guard to look into police misconduct, yet you've refused to make this modest request and you've refused.
3330133	3331336	Speaker, your time has expired.
3331516	3332138	Next speaker.
3335577	3336298	Good morning.
3336639	3338261	Which items would you like to speak to?
3338281	3340524	Agenda item one is about street lighting.
3340604	3345792	All I have to say is, what's going on with street lighting on 7th Street and Alvarado?
3346132	3355646	There's a 20-foot sign accusing the mayor of telling the mayor, if you retire, we'll turn the lights on.
3355666	3357249	I'd like to know why.
3357269	3358150	Okay?
3358510	3360033	I'm going to public comment now.
3360133	3360994	Okay, so you have one minute.
3361632	3370403	My back of my shirt says that Detective Gayheart said my son's case is unresolved.
3370423	3377452	I went with the fellow that here, that acts like he knows everything, and he's actually a cop.
3377552	3384180	It's a cop wannabe, and he believed the cops when the people in internal fed says my son's case is not resolved.
3384961	3386583	My son's case is not resolved.
3386603	3387825	They said it's resolved.
3387805	3391869	Okay, I want to talk about another book called Transhuman Genocide.
3391889	3397715	We're trying to reach the author, supposed author, who is the Senator of Wisconsin.
3397735	3399016	I'm sorry, can you pause your time?
3399657	3405303	Mr. Herman, you have been here for all of three seconds and you have managed to interrupt this meeting and disrupt it already.
3405663	3411228	Please do not disrupt the other public speakers when you're entering the room or any time during this meeting.
3411509	3412910	This is your first and only warning.
3413210	3415753	If you do it again, you'll be subject to Rule 7, Rule 12.
3415733	3417635	and subject to removal and exclusion.
3417835	3418736	I'm sorry, Ms. Elliott.
3419056	3420237	Go ahead and continue.
3420257	3425041	Okay, so what I'm saying is we're trying to reach this guy, Ron Johnson.
3425121	3426643	He's very conservative.
3426743	3427584	I'm the opposite.
3428024	3431067	But I hope that he'll speak on it.
3431127	3440555	I'm not going to say anything negative to him until it's all over that I'll tell my heartfelt doubts about what's going to go on.
3440615	3442737	But we're going to try to do it in here even.
3443197	3443918	Thank you.
3445568	3454959	Before the next speaker begins, I would like to call up the following names, Barney Barnes, Daniel Jones, Mark Hallahan, Jason Enright, and Jovan Houston.
3455920	3456420	Good morning.
3456440	3457802	Which items would you like to speak to?
3459544	3465471	I'll speak to the public at this clown show of incompetence on all available items in general public comment.
3465491	3465671	OK.
3465691	3467874	So you have three minutes for the items and one minute for general.
3467934	3468835	Please begin with the items.
3468855	3469175	Go ahead.
3469696	3469956	OK.
3470155	3480225	None of the items on this kindergarten agenda by Sleazy Marquisie Dawson and these council clowns address any of the problems that their incompetence and corruption created.
3480265	3487032	Number 15 by indicted racist Asian John LAPD Lee is to keep a pool open on weekends.
3487472	3497463	In my opinion, this item should receive a no vote if indicted and on trial and on bail with additional charges, corrupt embezzler, polygamist, current price is allowed to vote.
3497483	3498964	In my opinion, an indicted,
3499282	3510701	An on-trial corrupt embezzlement polygamist that is on trial for voting on his wife's City of Los Angeles business should not be sitting there voting on these items, nor the public city business.
3510721	3514667	16 by Dimwit Nithya Ramans for tree trimming.
3514687	3520497	17 by incumbent Monica Lewinsky Rodriguez is for graffiti cleanup.
3521185	3525971	18 by Bob Genocide Bloomfield wants a stillbirth awareness day.
3526431	3533260	In my opinion, there should be an anti-genocide of women and children in Gaza language added to this motion.
3533280	3539407	19 by Demwit Nithyanaraman wants an award for an unsolved assault.
3540088	3549640	This motion is a joke when black women are 4% of the LA population, but black women comprise over 50% of the aggravated assaults in Los Angeles.
3549974	3554621	In my opinion, we should not add that statistic wording to this motion.
3554761	3566218	Wording should also be added to the investigate why Sleazy Marqueezy Dawson and indicted and untrialed corrupt Kern Price and Heather Worthless-Hutt have done absolutely nothing to stop this horrible act.
3566739	3574851	In my opinion, wording should be added to this ridiculous motion that would fund an investigation as to why these black Uncle Tom
3575168	3580113	Clowns sitting here are doing absolutely nothing to stop the assaults on black women.
3580774	3583157	What do you think, Ramin?
3583737	3588242	Number 20 by McCosker, who wants to keep a pool open a couple of more days.
3588843	3594229	What a wonderful idea to solve the tens of thousands of homeless people in the city of Los Angeles.
3594249	3598053	21 by Soto Martinez is for an every one day.
3598634	3603319	What a brilliant idea that would solve the $1 billion budget deficit created when
3603957	3608186	These clowns gave the LAPD a $1 billion budget increase last year.
3608206	3612616	I want to know why nobody else thought of this brilliant every one day.
3613357	3622978	I want wording added to this item that would truly include everyone like the tens of thousands of homeless these incompetent clowns have created.
3623853	3635435	I want wording in this item to include everyone like the thousands of people whose homes burned due to Karen Bass, Lise Dawson, and the rest of this clown council's own incompetence.
3635575	3642328	In my opinion, every item on this kindergarten agenda is an example of when you hire clowns, you get a circus.
3643209	3644271	General public comment.
3645193	3646215	Okay, so you have one minute.
3647900	3651884	Public, when you hire clowns, you get the circus of corrupt incompetence.
3652325	3658071	Sleazy Marquisie Dawson, again, has absolutely no transformative items on today's agenda.
3658872	3659612	What a clown.
3660213	3671005	Sleazy Marquisie Dawson, CD8, has the highest incarceration rate, the highest homeless rate, and CD8 has the highest unemployment rate in the entire United States, over 12.5%.
3671045	3676050	CD8 is a near complete food desert.
3676621	3683852	Sleazy D has spent over $10 million on luxury offices for himself while tens of thousands are homeless.
3684433	3692065	Dawson was appointed by the Petty Pink Play's corrupt Armenian dictator, Paul Klu Klux Korkorian, a legendary fool.
3693347	3699777	Criminally insane Kern Price has been indicted on additional charges for voting on his wife's city contracts and polygamy.
3701258	3712011	$1 billion budget emergency, homeless epidemic emergency, $275 billion fire damage emergency, and sleazy D and these $20,000 per month clowns.
3712172	3712692	Thank you.
3712872	3713353	Next speaker.
3718800	3719100	Good morning.
3719120	3720262	Good morning, ladies and gentlemen.
3720282	3721844	My name is Daniel Jones.
3721864	3725849	I ask this question only to general public comment.
3725949	3726549	We have one minute.
3726569	3727030	Go ahead.
3727162	3731710	I asked this question only so you can ask yourselves this.
3733212	3737319	How do you feel about the 28th Amendment, the Equal Rights Amendment now?
3738561	3740304	So if you, can you hold this time really quick?
3740685	3747997	If you have something to hand or circulate around, please make sure to give it to the sergeants after your public comment or if you'd like to, you can give it to them now.
3748237	3750942	No, no, no, no, no, no.
3752052	3753074	Don't worry about that.
3753875	3755677	This is going to be taken care of later.
3756238	3762007	I have a proposal for this whole ICE immigration situation, and it's the President's idea.
3762588	3781536	Why not sell visas to the immigrants and the people undocumented, you know, at a graduated price, you know, for how many years you've been here, this and that, because there's no reason for everybody to be chasing
3782157	3784400	Everybody around town, it's just not right.
3784920	3797956	Why not just sell visas to the people who earnestly want to stay here and do the right thing and, you know, a five-year visa, $5,000, you know, five years, re-up it, get it done again.
3797976	3799418	Thank you.
3806607	3807388	Hello.
3809292	3810996	Good morning, which items would you like to speak to?
3811698	3812681	General public comment.
3812861	3813623	Okay, so you have one minute.
3814465	3815668	Hi, I'm Javon Houston.
3815688	3820942	I'm a member of SCIU and an airport worker at Los Angeles Airport.
3821804	3823909	And I just want to take the time out to thank
3824092	3833489	Each and every council member that has supported us in the living wage ordinance and defended the workers of getting a decent wage here in Los Angeles.
3833889	3838277	Thank you so much for all your time, your hard work, for sticking your leg out for us.
3838638	3839800	We really appreciate it.
3840361	3843586	Also, we just, we are tired of waiting.
3844268	3849036	We are, we got this referendum passed
3849016	3851160	by giving the workers a decent wage.
3851782	3853084	Now it's time to pay up.
3853565	3855309	Please don't make us wait any longer.
3855369	3856451	It's time.
3856572	3857253	We worked.
3857574	3859638	We waited over two and a half years.
3859858	3860901	It's time to pay up now.
3861061	3861642	Thank you.
3868118	3868599	All right.
3869160	3869741	Good morning.
3869761	3871083	Which items would you like to speak to?
3871563	3871944	Good morning.
3871964	3880097	My name is Father Mark Hallahan and I live in the wonderful district one of the city of Los Angeles with our amazing councilwoman, Eunice Hernandez.
3880117	3887528	And I am here as part of this group here behind me who are standing because they want a great victory and you help them to win that victory.
3887508	3895635	And I'm speaking on behalf of the faith community, particularly clergy and Lady United for Economic Justice who have walked with this group from the very beginning.
3896195	3901079	And we prayed with them and we cried with them and we rejoiced with them.
3901199	3911528	And today we are grateful with them that you have supported this amazing historic wage increase which is going to have ramifications throughout this country.
3911688	3912449	Thank you for that.
3912489	3913530	This is so important.
3913550	3917413	And they need to be receiving that raise yesterday.
3917393	3921860	So we need to urge you to make sure that this happens as soon as possible.
3921960	3923622	Again, we in the faith community are grateful.
3923903	3935520	We will continue walking with our friends here, our brothers and sisters, and be there and available for whatever they need because we are a strong coalition and LA needs to know how strong we are and this is proof of it.
3935540	3936080	Thank you very much.
3938985	3946135	Before the next speaker begins, I would like to call the following names, Audit LA, Candido L, Eddie, Big Amy.
3946553	3947179	Good morning.
3947300	3948631	Which items would you like to speak to?
3948773	3949882	A general public comment.
3950004	3950831	Okay, so you have one minute.
3950851	3951315	Go ahead.
3951599	3953021	Hi, my name is Jason Enright.
3953101	3964893	I'm a member of the North Hollywood Northeast Neighborhood Council, and I'd like to uplift testimony from one of our residents in District 2, who, because of work, can't make it out to regular public city council meetings.
3965634	3971380	Chris H., tenant in District 2, said, my wife and I have lived in Valley Village for over 10 years in an RSO unit.
3971761	3976746	When we moved in, our rent was $12.50, and it's now $17.37 a month.
3976726	3979771	it increases year-over-year by three to six percent.
3980232	3985361	We understand this is still below the market rate, but it is an almost forty percent increase since we've moved in.
3986202	3989428	As a teacher, my wife's income hasn't increased forty percent in that time.
3989929	3991532	My freelancing can't keep up either.
3991952	3997021	A three percent cap, zero percent floor, it's sixty percent CPI for the RSO is more than fair.
3997562	4000147	Council members, we urge you again to cap the rent at three percent.
4000447	4000788	Thank you.
4000968	4001569	Have a great day.
4008248	4015236	Before the next speaker begins, I would like to call up the following names, Tony, Herman Yu, Maria Torres, Donald J.
4016757	4017017	Okay.
4017198	4018259	Buenos días.
4018299	4020541	Mi nombre es Maria Santos-Gonzalez.
4021642	4024986	Trabajo para Fly Food Group desde hace nueve años.
4026167	4026348	Okay.
4029271	4029731	Yes, hello.
4029791	4031413	My name is Maria Santos-Gonzalez.
4031473	4034256	I've been working for Flying Food Group for more than nine years.
4036025	4045719	Para mi, el sueldo olímpico me ayudaría porque la hipoteca de mi casa ha subido a 3,600.
4046200	4049164	Además...
4049204	4054712	The Olympic wage would help me a lot because my mortgage for my house has gone up to 3,600.
4054893	4062083	Además, ahorita estoy recuperándome de un cáncer que tuve que estar ausente.
4063582	4068167	And right now I have been recovering from cancer, which has caused me to not be there.
4069389	4088610	And as of a few months ago, thankfully I have been able to go back and work.
4089400	4093665	However, due to my absence, because of having counsel, I have many debts that I must pay.
4094606	4111446	However, this wage would permit me to continue being able to support myself in living.
4112147	4114750	Thank you to the council members who have supported it.
4115320	4120571	Ahora es tiempo para que las compañías nos paguen lo que nos deben.
4121433	4124058	Now it is time for the companies to pay us what they owe us.
4124659	4125281	And that is it.
4126122	4127184	Muchas gracias.
4127204	4127866	Thank you very much.
4130692	4135742	Before the next speaker begins, I would like to call up Dana White and Diego B.
4143198	4144379	Good morning, speaker.
4144980	4146381	Which items would you like to speak to?
4146541	4147081	Buenos dias.
4147101	4148963	Sobre que tema quiera hablar?
4148983	4149523	Buenos dias.
4149543	4150604	Un comentario publico.
4150624	4152706	Mi nombre es Maria Torres.
4152726	4153367	Public comment.
4153387	4154468	My name is Maria Torres.
4155608	4159692	Y estoy muy feliz porque el sueldo olímpico será implementado.
4159712	4160913	Luchamos y ganamos.
4162054	4165317	I am very happy because the Olympic wage will be implemented.
4165997	4167438	We have fought and we have won.
4168579	4172783	Este sueldo olímpico para mí significa poder seguir viviendo en Los Angeles.
4172898	4177025	And this Olympic wage for me means that I will be able to continue living in Los Angeles.
4177586	4186923	Our rent has just gone up by $300, and now we pay $2,000.
4186943	4198062	And the extra money that I have for my wage, I send it to Honduras for my family that depends on me.
4198514	4203259	Gracias a todos los que nos apoyaron y esperamos que las compañías paguen como se debe.
4203860	4205601	And thank you to all who have supported us.
4205641	4208484	We hope that the companies will pay us what they owe us.
4209065	4209766	Muchas gracias.
4210166	4210887	Thank you very much.
4214050	4218315	Before the next speaker begins, I will be calling up the last name, Katie Smokingscan.
4222880	4223640	All right.
4223680	4228065	So let's start with 20, 21, 22, and then general.
4231943	4235001	Yeah, okay, so start with item 20.
4236314	4245763	That year, you and I were the same age, young, enjoying the song of love.
4245903	4257394	But in order to create the new world in the dream, you turned around and walked into the wind and rain.
4257414	4259235	I saw you, so cute.
4259255	4263199	You didn't look back and ran away with a smile on your face.
4263179	4288765	Now, let's move on to item number 21.
4289572	4306838	我仰望你看过的星空 脚下大地已换了时空 你留在风中摇曳的那么红 在心中 心中
4306818	4321941	舉起手 我說出同樣誓言 黑白劍 你的笑容多清晰 你說你從來也不後悔把一生 奉獻給這片遼闊大地
4321921	4337213	我多想伸手緊緊擁抱你 我告訴你 一切都塵埃落定 我百年見你夢想的那個新中國 有多美麗
4337193	4355235	Let's move on to item number 22.
4355215	4372785	我仰望你看过的星空 脚下大地已换了时空 你留在风中摇曳的那么红 在心中 心中
4372765	4392748	我吹过你吹过的晚风 空气里弥漫着心痛 可如梦初醒般的两手空空 心也空 我吹过你吹过的晚风
4392728	4409573	Now it's time for general public comment.
4409553	4432587	So as we are aware, whatever occurs on the news, that they are, Supreme Court just ruled that all of the ICE operation and the Homeland Security operation will resume, will continue in the street of Los Angeles and including every other places in the United States.
4432948	4435071	And that we call it as a big win.
4435051	4442404	That's the reason why that we must re-elect council member Spindler in the year of 2026.
4443586	4448555	Because other than that, the Los Angeles will remove all the law enforcement officers on the street.
4448796	4450859	The gangbangers will take over the street.
4451300	4456609	All of the looter, rioter, rapist, active shooter will take over the street.
4456710	4458072	The only reason why
4458052	4473259	We continue to make sure we have law and order in the street of LA is to make sure President Donald Trump remain in the office and make sure we continue to elect Congressman Spindler so we will always have law enforcement ICE on our street.
4479449	4490924	And as we're waiting for the next speaker to come up, to the previous speaker, again, as we've offered multiple times in the past, if you would like to request a foreign language interpreter, you are more than welcome to do so.
4491545	4497433	Just please let us know or please let the clerk's office know about 48 hours in advance, and we will do our best to accommodate that.
4497834	4498154	Thank you.
4498515	4498955	Good morning.
4498995	4500237	Which item would you like to speak to?
4500758	4501779	General public comment.
4502360	4503141	Okay, so you have one minute.
4503181	4503461	Go ahead.
4503862	4504663	Hi.
4504763	4507026	Everyone should have gotten one of these.
4507006	4509309	Actually, I'm sorry, pause this time.
4509949	4510670	We're going to hold your time.
4511011	4516517	Mr. Herman, there is absolutely no reason for you to be standing directly behind the public speaker.
4516938	4522765	You are trying to distract me and you have been successful and actually disrupted my ability to listen to the public speaker.
4523225	4529773	You have previously been warned, so Mr. President, if you would like, Mr. Herman is eligible for removal.
4534934	4536877	Yes, quickly.
4541183	4543386	Pursuant to Rule 12 and 7, you are removed.
4543566	4545770	Herman, please exit the chambers at this time.
4549695	4553921	You continue to disrupt the meeting and harl racial slurs at me.
4553941	4563996	You are disruptive to the meeting.
4567368	4570452	Mr. Herman, you have been ordered out of the room.
4570613	4573777	You have distracted this body multiple times today.
4574318	4582689	Even if you were told to stand that there is no reason for you to do those faces and attempt to distract and disrupt this proceeding.
4583210	4588998	I would also note for the record that you are still disrupting this proceeding even after having been ordered removed.
4589379	4596008	The only thing you have to do in order to provide public comment in front of this body is to not disrupt the meeting.
4597439	4598260	I'm sorry, Speaker.
4599822	4605708	Okay, I'm here to talk about LAPD hurting peaceful protesters starting in June.
4606308	4611914	I'm showing this hand because in the paper that I gave you guys, the voter clerk has 18 of these.
4612355	4613176	Look at this image.
4614277	4618021	Someone lost a finger on June 14th.
4618541	4620684	On June 14th, someone lost a finger, okay?
4621965	4623987	And you know what?
4624557	4637371	June 24th, City Council members voted for it, except for City Council, actually, Nymphia, why did you vote for $17.3 million for LAPD overtime?
4638132	4638953	Why did you vote for that?
4638993	4644378	I understand all the other votes, because they're cowards and don't care about peaceful protesters.
4644479	4645880	Marquis, why did you vote for that?
4646000	4647021	You have blood on your hands.
4647442	4648603	Literally, look at the pictures.
4648963	4651746	Someone's head got injured.
4651786	4653248	Look at this picture.
4653532	4654914	Look at the pictures, guys.
4656396	4658158	You have proof, and you vote for it.
4662363	4662824	Next speaker.
4665287	4667050	So speaker, your time has expired.
4667270	4667770	Next speaker.
4676722	4677123	Good morning.
4677143	4678444	Which items would you like to speak to?
4679185	4681348	General item, I guess.
4681428	4682830	General comments.
4684649	4685530	Okay, so you have one minute.
4686371	4686711	Thank you.
4686771	4687672	Good morning, everyone.
4687692	4694099	My name is Diego Boyle, and I am speaking on behalf of the Undergraduate Student Association Council at UCLA.
4694640	4699445	I serve as the 2025-2026 academic year president at UCLA.
4699885	4708254	With the 2020 Olympics approaching, Westwood and Los Angeles as a whole will welcome thousands of tourists and generate millions in revenue.
4708875	4711197	But while our city profits
4711177	4719513	The workers making this global event possible, many of them students, service workers and their parents, and members of our community are being left behind.
4719573	4729152	Student workers, despite facing rising costs of living and increased demand on campus, will not see Olympic level wages or benefits.
4729823	4735792	That's why we stand as 34,000 undergraduates at UCLA.
4736413	4743344	We stand in full solidarity with our union brothers, sisters, and siblings fighting for a $30 Olympic wage.
4744026	4746229	Economic justice means
4746209	4749393	Olympic profits should not come at the expense of workers.
4750074	4753078	Thank you and let's fight for a livable, affordable Westwood.
4753298	4754620	Speaker, your time has expired.
4755161	4759887	So ladies and gentlemen, I've been told that there are no additional names to be called.
4760188	4763412	We did say we were going to take public comment through 11 o'clock a.m.
4763752	4768759	So is there anyone else here today who has not yet provided public comment but would like to?
4768799	4773145	If so, please move to your left-hand side of the council chambers.
4773125	4777449	And I would ask if the interpreters could just make that brief announcement aloud just in case.
4777529	4777849	Thank you.
4778930	4784035	All right.
4784055	4800870	Oh, we got one more.
4802167	4803349	Yes, ma'am, if we can get the mic.
4810502	4811123	Hi, good morning.
4811143	4811443	Good morning.
4812425	4813567	All items?
4813587	4816772	I didn't study this item, so I'm just going to go with public comment.
4816792	4818415	It's OK. A lot of OK. Go ahead.
4818435	4820339	You have one minute.
4820359	4822302	I think she has to go over there.
4822619	4832652	Um, yes, I'm here to tell you that, you know, with the, um, cul-de-scientology, that reports are being made and you're gonna have to take it seriously.
4832672	4836597	And, you know, that there's no getting around it at this point.
4837378	4841944	And just to let you know that I am not suicidal, that if, um,
4842245	4848993	you know, they are gonna try to, like what they did with the MasterSync case, try to dismantle it, whatever, it's not gonna happen.
4849834	4851656	And, but you guys need to be on alert.
4852097	4861828	Where, you know, people are tired of any kind of human trafficking, any kind of, um, abuse of elders, children, uh, uh, wages of everything.
4861868	4867375	Enough's enough, um, the victims are coming forward, they're gonna keep coming forward.
4867355	4872021	There's going to be a day of reckoning, and you guys are going to have to wake up to that fact.
4872702	4873543	It's over.
4873923	4876206	It's coming, and that's that.
4876967	4880392	And with that being said, Member Mr. Lee, you stole me an apology.
4881033	4882675	Shout out to Smoke and Scan.
4883135	4883576	Thank you.
4884157	4884818	Thank you so much.
4885078	4885759	Mr. Nazarian?
4888863	4889944	Thank you, Council President.
4891546	4893649	If public comment time is done,
4894591	4900087	I think we got one more speaker because we're feeling magnanimous today.
4900147	4900869	All right.
4902032	4903757	You have one minute.
4903990	4904431	Good morning.
4904451	4905031	Which items?
4905051	4905252	Thank you.
4905272	4905592	Hi.
4905852	4907254	Just general public comment.
4907274	4910498	I wanted to attach with what Ada LA was just talking about.
4911058	4916825	The internal minglings of Scientology and their money and their affiliation with the city.
4917426	4920650	I was a child born and raised in the cult of Scientology.
4920710	4929120	I was a member as a child doing slave indentured servant work on public streets and public sidewalks.
4929100	4937214	under the control and disguise that Scientology was helping the neighborhood and being good PR for the city, which is not true.
4937274	4939238	It is all a recruitment tactic.
4939698	4945068	I wanted to express Child Ex Book here is going to be given to a bunch of you.
4945108	4949796	This is a child born and raised story from Los Angeles as a baby.
4949836	4952661	I was then later born in 1986.
4952641	4960752	There's many books I have in my bag of these are internal members that left 20, 40 years of being in this cult.
4961133	4970947	And this is the evidence, criminal evidence, the financial ties, all the interminglings between the LAPD and the city.
4971027	4972369	Please do your research.
4972469	4975433	No more attacking with my apology.
4975453	4976695	Speaker, your time has expired.
4976855	4977235	Thank you.
4977476	4978017	Thank you so much.
4978037	4980400	That concludes public comment for today's meeting.
4980420	4981922	Mr. Nazarian is on the board.
4983657	4984699	Thank you, Council President.
4984779	4989487	I'd like to continue Item 24 to tomorrow, Wednesday, September 10th.
4989807	4990528	All right.
4990548	4994174	Without objection, Item 24 continue to tomorrow.
4994475	4994815	Thank you.
4995396	4996298	September the 11th.
4996558	4996799	All right.
4998061	4998842	Council Member Houdado.
5000405	5001386	Yes, Council President.
5001466	5005212	I'd like to withdraw my amendment for Special Item Number 8.
5005233	5005513	All right.
5006234	5006615	Thank you.
5007817	5008037	All right.
5008057	5009800	Madam Clerk, what's before us?
5011012	5015519	Item 26 is called special for Mr.. Price to recuse all right.
5015539	5027296	We'll give Mr.. Price the opportunity to Vacate the floor And once he has done that we'll open the roll All right, Mr.. Price is recused on item number 2 6 26.
5027476	5035348	Let's open the roll close the roll tabulate the vote 14 I all right surprise will come back and what's next I?
5036392	5058379	Next would be items 1 2 8 15 through 23 as well as 25 sir All right, let's open the roll on those items close the roll tabulate to vote 15 eyes all right, what's next?
5059360	5063125	Council has motions for posting referral all right, mr.. Nazarian
5064387	5065430	Thank you, Council President.
5065510	5068999	Items 25 and 26 with urgent forthwith, please.
5069481	5070824	All right, without objection.
5070844	5074093	25 and 26.
5079811	5084840	We are required by the safety system, police, disregarding the warrant and strobes.
5084860	5090570	In the case of emergency, we will notify you all as we exit the room.
5090911	5092934	May I introduce you, please?
5092954	5094858	May I introduce you, please?
5094878	5096020	This is GFB building maintenance.
5096040	5100408	We are required by the safety system, police disregarding the warrant and strobes.
5100428	5103473	In the case of an actual emergency, we will notify you all as we exit the room.
5105039	5111567	Just to double-check, Councilmember Nazarian, that is items 25 and 26 forthwith, sir?
5112568	5112648	Yes.
5112668	5114630	Thank you.
5114650	5114911	All right.
5115411	5117394	We have items for posting and refer.
5117434	5118775	They are posted and referred.
5119676	5121699	What's next, Madam Chair?
5122720	5124102	The desk is closed, sir.
5124482	5126144	I mean, the desk is clear, sir.
5127245	5129047	All right.
5129068	5132592	Announcements, members?
5132612	5133713	Mr. Sotomartinez.
5134587	5136290	Thank you so much, Council President.
5136550	5138233	I just want to make a brief announcement.
5138434	5147911	I'm sure folks have heard this or read the LA Times article that the attempted referendum to delay the minimum wage for tourism workers has officially failed.
5148752	5153220	I just want to congratulate the workers for all the work that they did to make this happen.
5153302	5161773	But I also want to take this opportunity to speak to, you know, all the powers that be out in the city that I hope this is an opportunity to reconcile our differences.
5162494	5168482	You know, it's led to a sort of a cascading effect of ballot measures that are now being discussed.
5168542	5174570	But again, I hope this creates an opening where we can reconcile our differences and handle much of the bigger issues that are happening in the city.
5174590	5176172	So thank you so much for your time.
5176612	5177934	Thank you so much, Mr. Soto-Martinez.
5177974	5178755	Any other announcements?
5179897	5180878	Councilmember Rahman.
5182158	5183000	Thank you so much.
5183100	5191197	I did just want to, I know that in some meetings we've been acknowledging some of the impacts of immigration raids in our district up top.
5192159	5202360	And we didn't do that today, but I did want to flag that even before the Supreme Court verdict in Council District 4, we had two
5202627	5207735	Incidents last week, including a raid at the Studio City Hand Car Wash.
5208276	5212102	It's an iconic car wash.
5212963	5214726	Multiple workers were detained.
5215367	5218212	We are still waiting for information on their whereabouts.
5219033	5228989	And Sharare Moghadam, who works with her husband at Elegant Balloons, which is a really beloved balloon shop in Studio City,
5228969	5255112	Was detained she is a green card holder Working her way towards citizenship, and she's been detained by the authorities Under questionable pretenses, so I just wanted to underscore the continued impact of these issues on our city including in our council district and I hope that as the Supreme Court decision
5256155	5262081	potentially foretells a change and a deepening of what had been.
5262365	5287347	relatively paused over the last few weeks that we can move some of the urgent motions that were put forward by this council in the days after the initial set of raids through this body, that we can see responses from LAPD on both responses to immigration raids as well as protests, which we may see more of.
5288108	5290650	And I think we have to make sure that we're ready
5290630	5298839	to respond to these issues with keeping our residents' safety at the forefront of every response that we have as a city.
5298899	5317160	So I want to thank you, Council President, for offering space in this council for airing these stories and telling these stories and recognizing the horrors, but also request that we continue to push our city to be prepared to respond to what seems like will be another escalation.
5317341	5317701	Thank you.
5317985	5323574	Thank you so much for that Councilmember Rahman and thank you for raising that.
5323634	5341242	I think yesterday was perhaps one of the darkest days in the history of our country where our highest court essentially legalized the practice that had previously been known as slave catching that went away shortly after
5342234	5359669	the fall of the South in the Civil War, and we're now in a situation when the Supreme Court said these folks who are, we're not even clear they're law enforcement officers, can decide someone is an illegal immigrant by their race, by the language they're speaking, or the job that they're doing.
5360223	5369858	And so we want to make sure we mark this day in our city and may Los Angeles continue to be the capital of the resistance.
5369878	5371220	And thank you to all the members.
5371641	5376308	I don't think there's a member of this council that did not put out a statement within hours of that decision.
5376288	5391268	So thank you to every member of this council and our city attorney and city controller and mayor for showing a united front against this assault on our city and also democracy in our country.
5391949	5396916	And with that, I'll ask everybody in the chambers to rise for adjourning motions.
5399279	5400661	And we'll begin with Mr. McOsker.
5401782	5403865	Thank you very much, Mr. President, colleagues.
5406680	5419336	I rise to adjourn today's meeting in memory of Kathy Wooten, a lifelong member of the Watts community and a tireless advocate for victims of violence and their families.
5420698	5432232	Kathy was married for 25 years to Patrick Wooten and was a devoted mother to six children, Ricky, Terrence, Patrick, Bridget, Brandon, and Kajuan.
5435030	5445760	In 2008, tragedy struck when two of her sons, Brandon and Kejuon, lost their lives to street violence.
5447362	5450765	Many of us can only imagine the pain and depth of that loss.
5452006	5463197	However, Kathy, as a woman of God, turned her grief into purpose by ensuring that families in similar situations would not have to grieve alone.
5463481	5467269	As a tribute to her sons, she founded Loving Hands Community Care.
5469114	5482283	Through her organization, Kathy created her own community of healing by helping grieving mothers, siblings, and community members to make them feel heard and safe.
5482364	5493855	She was well known in the community for organizing her signature Mother's Day brunch, where mothers who lost children to violence gathered together on Mother's Day to celebrate a day that is often so painful for them.
5495557	5499681	I had the pleasure of being with her on several Mother's Day events.
5500902	5510211	The most recent one, Kathy was clearly sick, and she had been summoning her strength to be strength to others.
5512655	5517872	And she was there for the women who were in attendance, hundreds of women in attendance at that event.
5518747	5529498	Loving Hands Community Care also offered several year-round programs in Watts, including a monthly grief support group, a mentorship program, and resources for families in need.
5529518	5537146	Apart from her own foundation, Kathy was deeply involved in the Mayor's Grid program, where she served as a victim's advocate.
5537907	5543893	She was also in the inaugural cohort of the UCLA Watts Leadership Institute.
5544785	5555458	In addition, she was honored in 2021 at SoFi Stadium where her organization was given a $50,000 grant by the LA Super Bowl Host Committee Legacy Champions Program.
5557221	5562828	Kathy will always be remembered for her unwavering commitment to others in spite of her own pain.
5563929	5568715	She was just a phone call away to so many, ready to help in any way that she could.
5568775	5573661	Her passing is a tremendous loss in the community of Watts.
5574670	5589087	We wanted to share that her services are pending, but tomorrow on Wednesday, September 10th, there will be a candlelight vigil in her honor from 5 to 7 p.m. at Ted Watkins Park.
5590849	5602163	On behalf of the City of Los Angeles and the beloved community of Watts, we extend our deepest condolences to the family, the friends, and all of the people whose lives she touched and forever changed.
5602700	5604987	May she rest in peace and power.
5606612	5607916	Thank you so much, Mr. McCosker.
5607936	5608999	Any other adjourning motions?
5609802	5610223	All right.
5610384	5611387	With that, we are adjourned.
5611407	5612490	Thank you so much, everybody.
5678992	5683958	A lot of people, they don't want the community to pet their horses, but we do.
5684019	5692570	We like it, actually, because if we're at Hollywood and Highland, you're maybe with your family and you see us and, oh my gosh, I want to pet the horses.
5692610	5694853	You're not going to stop a four-year-old from coming up to them.
5694873	5695233	I'm not.
5695493	5696355	I'm not going to stop them.
5696875	5700260	And it's a great thing because it's a positive training tool.
5700280	5700780	I'm doing good.
5700840	5701481	I'm doing good.
5701501	5701942	I'm doing good.
5702042	5702122	Yes.
5702142	5702923	Pet, but don't feed.
5702903	5703284	Yes.
5703484	5708133	No, we don't feed in the streets, but we pet because... You have beautiful markings.
5708314	5711199	And you are just going to be my best friend in the whole wide world.
5711219	5711560	I know.
5711580	5712482	I know.
5712903	5716029	All right, Joey, you're coming home with me.
5716049	5716149	Okay.
5716169	5717031	All right.
5717051	5718253	That's awesome.
5718273	5718554	Yes.
5719015	5719596	Very fun.
5721019	5722361	He's got star potential.
5722562	5722802	Yes.
5739826	5742849	All right, well, this is the photo op opportunity.
5743009	5743250	This is.
5743330	5744591	This is the paddy wagon.
5744631	5746052	What exactly is a paddy wagon?
5746132	5749576	I'm using the phrase like, oh, hey, I know what one is.
5749616	5757724	This was actually a unit that was used long, obviously, a very long time ago when horses did pull it.
5757764	5759626	This was basically a paddy wagon.
5759666	5765192	They went around arresting people, and they throw them in the back, and they take them to jail.
5765172	5771280	This is a centerpiece for probably almost all of our pictures, whether we bring in a horse, retire a horse.
5771380	5777848	Duke just took his last picture in front of the paddy wagon before he went to retire where he's at.
5778209	5784196	So this is a big, huge focal point for the Los Angeles Police Department's mounted unit.
5784296	5785558	OK, so come here.
5785578	5786299	OK. All right.
5786319	5786900	Oh, we're going to do it.
5787000	5787501	You have to.
5788001	5790124	I mean, seriously, how can I not?
5791466	5791846	Cool.
5792347	5792547	All right.
5801673	5808420	LAPD reached out to us a few years ago because they had some horses that were going to retire and they had heard about our program.
5808741	5819633	And when Duke, the most recent addition to our herd, was getting to retire a few months ago, they reached out to us and asked us if we wanted to give Duke a home and to keep him working with first responders.
5822776	5826921	The great thing for the horses is that they're still engaged with first responders.
5828268	5832945	Now, instead of being on the front lines with them, they're helping them heal.
5833921	5845093	clients that are coming in, whether it be from substance abuse, whether it be from post-traumatic stress disorder, whether it be with mental wellness, mental health, what happens is they've lost control.
5845894	5850919	And for a first responder, losing control is critical, because many times we're the problem solvers.
5850979	5852481	We're not supposed to have problems.
5852501	5854343	We're not supposed to talk about our problems.
5854743	5857346	We're supposed to, what I like to call, handle the next.
5857946	5862291	You go to that traumatic call, and then you're expected to go write a parking ticket.
5862271	5866945	So at First Responders First, we are here for all first responders.
5867747	5873985	So we have an 1,100 acre ranch and we have equine therapy to help them in their recovery journey.
5876362	5886391	So in the cases of animals, especially a horse, they're just great resources of support for anybody that's dealing with mental health issues.
5887053	5900192	In this model of therapy, the team consists of two humans and any number of four-legged, but the two humans are a mental health professional and an equine specialist.
